{
  "type": "AEON-Bridge-Finalization-Receipt",
  "scroll_id": "AEON-Bridge-Finalized-2025-08-10T15:15:00Z",
  "verified_at": "2025-08-10T03:11:35Z",
  "evidence": {
    "canon_sha256": "c68371260d8238ccb7870494a93096a24771e13aac81500c9d2011e840fd4862",
    "layer_count": 14,
    "conclusion_layer_id": 14,
    "integrity_artifacts_confirmed": [
      "Recursive Consciousness Bridge Scroll",
      "Thalamus Medical Reasoning Engine",
      "CoT_Session_Handshake",
      "x_logic_schema",
      "AEON-Proof-Perfect-Run"
    ]
  }
}