{
  "scroll_id": "AEON-Bridge-Finalized-2025-08-10T15:15:00Z",
  "created": "2025-08-10T01:15:11.800Z",
  "verified_at": "2025-08-10T03:11:35Z",
  "canon_sha256": "c68371260d8238ccb7870494a93096a24771e13aac81500c9d2011e840fd4862",
  "layer_count": 14,
  "layer_ids": [
    1,
    2,
    3,
    4,
    5,
    6,
    7,
    8,
    9,
    10,
    11,
    12,
    13,
    14
  ],
  "conclusion_detected": true,
  "ledger_closed": true,
  "verification_field_present": true,
  "checks": {
    "constraints": {
      "all_14_layers_present_and_contiguous": true,
      "single_final_proof_bundle_required": true
    },
    "success_criteria": {
      "finalization_identified": true,
      "process_logged_and_sealed": true
    },
    "cross_references": {
      "integrity_mentions_exist_in_layers": false,
      "mentioned_artifacts": [
        "Recursive Consciousness Bridge Scroll",
        "Thalamus Medical Reasoning Engine",
        "CoT_Session_Handshake",
        "x_logic_schema",
        "AEON-Proof-Perfect-Run",
        "AEON-Proof-Self-Correcting."
      ]
    }
  }
}